rating,review_text,sentiment_score,themes,source
5.0,The gentleman that helped me with my food he was very kind very patient and I really appreciate it. Overall the food is 100% good delicious,0.9229,"['food_quality', 'staff_service', 'authenticity']",google
4.0,"In my estimation, the best African Store so far. The approach of the people running the store is different from the usual African store mentality",0.6369,['authenticity'],google
5.0,Wazobia is one of the best African stores in Houston for sure. Great and friendly staffs and clean environment,0.9477,"['staff_service', 'cleanliness', 'authenticity']",google
5.0,Good food and nice staff,0.6908,"['food_quality', 'staff_service']",google
5.0,"The perfect store to get all kind of Africa. Groceries, especially Nigerian food. The best part is their beef is Halal. Very affordable groceries",0.836,"['pricing', 'food_quality', 'staff_service']",google
5.0,Quality,0.0,[],google
4.0,Easy accessibility,0.4404,[],google
1.0,Overpriced and very expensive,0.0,['pricing'],google
5.0,Absolutely one of the best African markets in the area. It is always busy and the service is always impeccable!,0.6696,"['staff_service', 'authenticity']",google
4.0,"I will always cheer Wazobia on for a lot of things, especially when it comes to customer service, cleanliness and product availability. There is a BUT….. of recent, I am not sure what’s been happening with the cashiers. Some of them look so disgruntled or upset. No greeting, no smile, no engagement with their customers until they get to the required membership question. I understand that standing on your feet all day attending to people can be a lot but I drive past other African stores to Wazobia for the customer service experience. Pls bring that back!",-0.2741,"['staff_service', 'cleanliness', 'authenticity', 'wait_time']",google
5.0,A lot of items were a bit expensive,0.0,['pricing'],google
1.0,"I was at the Westheimer store to get some groceries, got the 100lb bag of rice and some other stuff. At checkout, I asked the cashier who rang me up if I could get assistance with the bag, he kept looking at the manager of the day (a tall, dark, bald head and bearded guy) for a response, but i got none. I asked the cashier (Funsho) three times, but got no response. I was so livid and left the store angrily, I kept struggling with the bag of rice and the store manager stood in the store staring right back at me without moving a muscle, eventually, I got the rice down from the cart, dragged it into the passenger side and got a wrist dislocation. Secondly, please have those guys at the meat section adopt speed and efficiency. It takes them forever to attend to customers.",-0.8882,['staff_service'],google
4.0,"I am giving this store 4 stars because, over the years, I have had many positive experiences here. The employees have generally been kind, helpful, and professional, and I have spent a significant amount of money at this location throughout the years. However, I am withholding the fifth star because of what happened today. I accidentally left my debit card at home and only had my EBT card with me. I also had reward points available that I intended to use toward prepared food while using my EBT card for my groceries. I explained this to the cashier, but I was told the transaction could not be separated that way. Because I did not have my card with me, I agreed to let the points be applied to the total purchase and then use my EBT card for the remaining eligible items. After my points were used, I was informed that I still had a balance of about $14 that had to be paid out of pocket. What made this especially frustrating was my situation. I had my two little daughters with me, I was running errands all day, and I simply wanted to grab some prepared food so they could eat while we were out. I genuinely did not have extra money available at that moment. My reward points were supposed to be what got me through the transaction. What was even more disappointing was being told that the transaction could not be voided because EBT had already been used and that the funds could not be returned. That was surprising to me because in the past, at other stores, when an EBT transaction needed to be canceled, the funds were returned to my card. Whether that is a system limitation or not, it created a very difficult situation for me today. To be clear, this is not a complaint about the manager or the employees. Everyone was polite, and I do not believe anyone was intentionally unhelpful. It seemed more like a system issue that nobody knew how to work around. Still, as a customer who has spent thousands of dollars at this store over the years, today’s experience was genuinely painful and frustrating. Sitting there with my two children, trying to figure out how to feed them and finish my errands, only to be stuck with a balance I couldn’t comfortably pay, was not a good feeling. Because of the many years of positive experiences I’ve had here, I am still giving 4 stars. But if I’m being honest, today’s experience left such a bad impression that I don’t see myself returning anytime soon, if ever. I may just take my business elsewhere in the future. I hope this feedback helps improve the experience for customers who may find themselves in a similar situation.",0.9665,"['food_quality', 'staff_service', 'authenticity', 'stock_availability', 'portion_size']",google
5.0,Nice and affordable store. I don't know why you guys will claim to have online shopping with the option of pick up and delivery if you won't have time slots available.,0.4215,"['pricing', 'stock_availability', 'wait_time']",google
5.0,Nice place for african food stuffs..,0.4215,"['food_quality', 'authenticity']",google
5.0,I 💕 the Way them,0.6486,[],google
5.0,My to go place for food stuff. Organized and clean. I have been going there for almost a decade now.,0.4019,"['food_quality', 'cleanliness']",google
5.0,"I'm mostly proud, about Nigerians/Africans owning such an investment and filling out the gap for scarcity of Nigeria/African food and snacks. Hoping to some day being a major supply of snacks (Plantain Chips, Chin chin, etc) from our high to end factory for the hygienic production, processing, packaging for marketing. Our snacks are of premium quality that gives value for your money. Contact us now.",0.8074,"['pricing', 'food_quality', 'authenticity']",google
5.0,I love the experience,0.6369,[],google
5.0,"Very neat store, great selection of meats and produce. The staff was also helpful in answering questions about finding certain produce. I’m impressed with the changes made.",0.9399,"['staff_service', 'cleanliness', 'stock_availability']",google
5.0,Great Ukwobi! Just like home❤️❤️❤️,0.784,[],google
3.0,All the total items I bought is $ 75:33 But I paid $92:43 with tax Can you explain it to me Because I didn't know until i check the receipt,0.0,[],google
5.0,Great place!,0.6588,[],google
5.0,Clean environment. The food is delicious. They are just very slow when serving customers.,0.7506,"['food_quality', 'cleanliness', 'wait_time']",google
5.0,Great place to shop for African food. The restaurant is great and the food is absolutely amazing.,0.923,"['food_quality', 'authenticity']",google
5.0,Nice place to shop native food Indian food or Asian food.,0.4215,['food_quality'],google
2.0,"Hello Wazobia management, strip up, because this review will be a quite lengthy one. I have always have a pleasant experience in Wazobia Market over the couple of months, especially whenever my namesake Mr. Oluwafemi is on duty. He will practically walk me to what I was looking for on the shelf and even at the meat area he will take over the number calling atimes, jinger the Hispanic guys to accelerate the process until everyone is adequately served. I tried tipping him a couple of times just to appreciate him for his dedication but he refused the offer mumbling something like not seeking reward for help offered.... I even changed the tactics and decided to buy him lunch. He will just put up a smile and maintain his stance. Strange!!! However, during my recent visits I can't but notice I haven't seen him in a while. I initially thought he was not on shift but my subsequent visits without him on any of the shifts arose my curiosity, leading me to inquire about him, To my surprise I was told he was let go (fired) for no probable cause. I find that very difficult to believe. I know people that deserve to be let go in that establishment. People so sluggish in their duties that you only see them performing when their boss is around, but definitely not a charismatic being like him. Wazobia management, hear this, if that information is accurate, you just let go one of your finest, faultless employee, that is if he is not the best self. He possess a very gentle and kind heart, with great customer relation and interaction skills and given my last experience at the store which actually prompted me to write this review which for the record, I have never done before. I feel Wazobia Market let go of a prized employee. Mehn..., you find him everywhere in the store, from the meat area to greeting customers, to cashier table to the snacks and food area or even wheeling carts and baskets. I don't even know what his exact role was because you find him doing everything and anything. I don't know him personally but I recognize talent when I see one and @Wazobia, that guy is a talent. What a shame! Now that you let him go, please fix your meat area and the checkout area. It is so unfair for me to want to spend my hard earn money in a store and I have to wait almost an hour to get served and checked out. That is poor customer service in my book. Do something about it.",0.9758,"['food_quality', 'staff_service', 'wait_time']",google
5.0,Nice,0.4215,[],google
5.0,Very good customer service,0.4927,['staff_service'],google
5.0,I really love wazobia because of good item's high quality and also reasonable price 👌,0.9264,"['pricing', 'authenticity']",google
5.0,I always love to shop here. It's always well organized and clean. The cleanliness is why I stuck with them unlike other African store.,0.7906,"['cleanliness', 'authenticity', 'wait_time']",google
5.0,Una atención increíble,0.0,[],google
5.0,Customer service keeps getting better,0.4404,['staff_service'],google
5.0,Nice African store,0.4215,['authenticity'],google
4.0,Good place to shop African stuffs. Clean restaurant and restroom. Cautious staffs and timely attendance,0.6369,"['staff_service', 'cleanliness', 'authenticity']",google
2.0,"They are so disorganized and their service is extremely slow. One server spend a lifetime with one customer, even chatting away when they are paying like the queue is not long? Work on this. It’s been this way for years. So slow.",-0.0941,"['staff_service', 'cleanliness', 'wait_time']",google
3.0,Feeling good here,0.5267,[],google
5.0,High but food is very good depending on what you gets,0.6474,['food_quality'],google
5.0,Great initiative on the expansion. My family and I visited on its relaunch and we got free food! All four of us! The staff members wore smiles on their faces despite the harsh Houston weather. Professionalism is absolutely top-notch,0.9259,"['food_quality', 'staff_service']",google
5.0,"Wazobia Store is an excellent place to shop! The store is well‑organized, clean, and stocked with a wide variety of authentic African products. The staff are friendly, helpful, and always ready to assist, which makes the shopping experience smooth and enjoyable. Prices are fair, and the quality of items is consistently high. I highly recommend Wazobia Store to anyone looking for great service and authentic products.",0.9783,"['pricing', 'staff_service', 'cleanliness', 'authenticity', 'stock_availability']",google
5.0,I got the Efo riro with pounded yam tasted delicious expect me back next week 😊😊.,0.9403,['food_quality'],google
5.0,Their food is good and environment clean,0.6808,"['food_quality', 'cleanliness']",google
2.0,"The wait is too long for food, they need more workers, and more space.",0.0,"['food_quality', 'wait_time']",google
5.0,African food. A bit expensive but good quality,0.5927,"['pricing', 'food_quality', 'authenticity']",google
5.0,"Wazobia Market is one of the best spots in Houston for African groceries. The place is well-organized, prices are fair, and they always have fresh items you can’t find in regular supermarkets. Staff is friendly and helpful, and the meat section is always clean. If you want real African ingredients without driving all over the city, this is the place to go.",0.9501,"['pricing', 'food_quality', 'staff_service', 'cleanliness', 'authenticity']",google
5.0,Great selection,0.6249,['stock_availability'],google
5.0,"Looking for some good grilled chicken, scorched eggs and fish. Already cooked! YUMMY TO MY TUMMY",0.8087,[],google
5.0,My go to spot for puff puff and spicy gizards👍,0.0,[],google
1.0,"When you come here, be prepared to have your time wasted. I came in just to grab some groceries and ended up standing in line for over 15 minutes. After all that waiting, I was told the register was acting up, with zero empathy. I switched to another line, which took another 10 minutes before I was finally checked out. Very upsetting and disappointing experience.",-0.8464,['wait_time'],google
4.0,Everything african not just food,0.0,"['food_quality', 'authenticity']",google
2.0,Doordash orders take hours to prepare,0.0,[],google
5.0,"Best party jollof rice I have had since stepping into the US. Whether it was a one-off thing or that's their norm, I don't know. I do know whenever I return to Houston, I'll be ordering their rice again.",0.7845,[],google
5.0,It's an awesome place to be.,0.6249,[],google
5.0,Good experience,0.4404,[],google
4.0,Good atmosphere 👌,0.8415,[],google
5.0,Buzzing with ppl. Even open in the late night.,0.0,[],google
5.0,The only African market you should be shopping at,0.0,['authenticity'],google
1.0,"What do you spray your ripe Plantain with? I bought about 12 plantain on Friday 10/10/25 by the time i got home they were turning BLACK, by the next day a couple them were super soft and soggy. Please, this unsafe practice must stop. I buy same product from Fiesta Mart and it takes it's NATURAL COURSE to slowly rippen. If this unsafe practice continues i would have to get the appropriate establishment involved. I have seen Videos online where unripe plantain and unripe bananas are dipped into Chemicals and brought out the immediate result is that they come out of the Chemicals looking YELLOW & RIPE. Every Customer's health is vital.",0.9106,['wait_time'],google
2.0,Brought stew and it was sour.,0.0,[],google
1.0,"Your employees WILL be the reason why there will be a lawsuit against this store. Where in the store does it states pregnant women or with children will be attended to first regardless of the pick a number procedure in the meat department? So I was already waiting 9 plus minutes, so because this woman is pregnant the rules and policy for requesting for meat/poultry is voided out. That’s discrimination. The sad case is they catered to the alleged pregnant woman when there should have been structure and procedure in a multi business establishment. If you’re not able to do that at Walmart, HEB, or other shopping stores why would it be done at this store?",-0.6199,"['staff_service', 'wait_time']",google
1.0,"Hmmm, waited for a good 30 minutes before it got to my turn to buy fish, goat meat, tripe etc. I just opened the bags and realized that the goat meat, catfish and the tripe was not cut as requested. How do I cut chunks of goat meat with my kitchen knife? 🤷. Also noticed the Hispanic guys are new, they are too slow and do not follow instructions. They should get some training please...I am really upset now. Mtchew...",-0.0719,"['authenticity', 'wait_time']",google
4.0,This store seemed relatively clean and organized.,0.4019,['cleanliness'],google
5.0,Always clean and professional. Customer service friendly.,0.7096,"['staff_service', 'cleanliness']",google
5.0,The best Africa store in Houston. Customer service good,0.7964,['staff_service'],google
5.0,Perfect place for African essentials. Great selection of fresh and frozen meats and seafood,0.8779,"['food_quality', 'authenticity', 'stock_availability']",google
5.0,okay but expensive,0.1154,['pricing'],google
5.0,"Clean store, very friendly and helpful employees. I love the coconut rice and oha soup. Honestly all their food is good. And it doesn’t smell bad in the grocery store",0.9419,"['food_quality', 'staff_service', 'cleanliness']",google
5.0,Good goat head for my soup,0.4404,[],google
5.0,"Great place for African food, ingredients and cooked delicacies",0.6249,"['food_quality', 'authenticity']",google
3.0,"The last time I was here, their system was down. And I waited for over 50 mins to have my items checked out.",0.0,['wait_time'],google
2.0,Today is the 3rd time I’m buying salad for the restaurant and by the time I’m home the salad is spoilt smelling bad .. so sad and annoying ..,-0.8707,['cleanliness'],google
5.0,Rice 25Lb is good. Plantains look really nice. Tasty. Can Vitamalt is excellent.,0.8655,['authenticity'],google
2.0,"I’ve been coming here for years and things have changed. The produce has not been fresh my last few visits, moldy veggies, fruit flys, and spoiled meat was sold to me as I cooked it same day and it had my whole home smelling (periwinkle) they use to have someone keeping the produce fresh but now no more. Please correct this or I will have to go elsewhere",-0.6719,"['food_quality', 'cleanliness']",google
5.0,"Wazobia the best,the customer service is topnotch,is Africa in USA when it comes to Africa food",0.0,"['food_quality', 'staff_service']",google
5.0,Good food,0.4404,['food_quality'],google
5.0,Nice and affordable African groceries are sold here,0.4215,"['pricing', 'authenticity']",google
5.0,"I placed my order on Monday but got a Friday delivery date. I am unavailable Fridays hence I called and they gave me an accommodation, offering for me to pickup Thursday. I went and EVERYTHING was ready. A true professional service (huge respects to the brother in charge of handling catering orders….he was very professional and calm). Tho in fairness, ALL the staffs were very good. I appreciate the service and including the packaging. You guys clearly know your job and you do it well. Huge respects, love and appreciation to you guys, I am your happy customer I normally buy in bulk here and always get great service and products. Today, I went and Mr. I Adetomiwa attended to me and he is the best person you’ll ever meet. His personality, service, maturity…..perfection all round. I always enjoy interacting with the staffs but this young man, so special. I told him that I will do this review because of him and will mention his name; he earned it! I am most grateful for all you guys there and the service, everything! GodBlessYou!!",0.9978,"['staff_service', 'stock_availability']",google
5.0,Great experience as always,0.6249,[],google
4.0,"The food at the restaurant is great, but the wait for catering or just buying food is much longer than you would expect. The grocery part is pretty good. The food is fresh and reasonably priced. They keep it clean and stocked.",0.9531,"['pricing', 'food_quality', 'cleanliness', 'stock_availability', 'wait_time']",google
5.0,This is the location my husband likes to go as it has more African items from his country. We drive from Rosenberg. The staff has been nice and attentive so far. Thank you all!,0.8258,"['staff_service', 'authenticity']",google
5.0,Great,0.6249,[],google
4.0,They have various types of Nigerian foods. You will think you are in Nigeria..,0.0,['food_quality'],google
3.0,"I visited this African store on Memorial Day to buy fish. While they have a great selection of products and quality items overall, I was very disappointed with the service at the fish counter. The man cutting the fish, he was Hispanic was extremely slow. I waited about 15 to 20 minutes, and he was moving at his own pace, not showing any urgency even though customers were waiting. Eventually, I got tired of waiting and decided to leave without making a purchase. The store really needs to improve their service in that area. Good products are important, but so is good customer service.",0.7752,"['staff_service', 'authenticity', 'stock_availability', 'wait_time']",google
5.0,You will get everything you want,0.0772,[],google
5.0,Great shopping experience. Polite staff . I saw the items I wanted in the store,0.6249,['staff_service'],google
5.0,Great selection. Great prices,0.8481,"['pricing', 'stock_availability']",google
5.0,Great place 24 hrs. So u can go anytime day or night. There clean. I love it,0.9001,['cleanliness'],google
5.0,"Love their hot design stew, red stew and rice. Beans are good also",0.7964,[],google
5.0,Good,0.4404,[],google
5.0,Lovely,0.5859,[],google
4.0,"Confusing, not well organized and a little high price compared to farmer's market",-0.4047,"['pricing', 'cleanliness']",google
5.0,"Good place to shop African food, especially Nigerian.",0.4404,"['food_quality', 'authenticity']",google
4.0,Great place to shop. Highlights are the fresh baked and prepared meals. Try the Chicken Pie and Puff Puff.,0.8074,['food_quality'],google
5.0,Usually less busy on Sundays.,0.0,[],google
5.0,Great customer service,0.6249,['staff_service'],google
1.0,Please reduce the amount of salt and maggi you put in your food especially the jollof beans and your fried fish. As much as we would love to eat our Nigerian food doesn’t mean we should get hypertension. Thanks. Your uncooked produce are great btw.,0.926,"['food_quality', 'portion_size']",google
5.0,Emmanuella was so patient and great with her service! I’ll always come back! Thank you. And the food is lit!,0.8289,"['food_quality', 'staff_service']",google
1.0,Clear as day in my Uber eats order I paid a additional fee for my selected protein and still got the wrong meat Chew Size Beef (4pcs) ($4.19) Chew Size Shaki (4pcs) ($4.19) In the picture you can see I only go 2 very large tendon a very small piece of beef and no shaki For the prices you charge you could aleast give the customer what that have requested and paid for .,-0.4019,"['pricing', 'portion_size']",google
5.0,The server is professional and greeting with smiles.,0.6908,[],google
5.0,"I had the pleasure of experiencing the exceptional service at Wazobia Kitchen, thanks to Emmanuella, who truly went above and beyond. Her genuine care and professionalism are a huge asset to Wazobia Kitchen, and she made my visit unforgettable. Highly recommend!",0.9617,"['staff_service', 'authenticity']",google
1.0,"This program introduced to your customers which you requested that they sign up with their phone number is a rip off. When they sign up for this explain to them the terms and conditions that comes with it. Don’t encourage them to get into it and then come up with information you can only get it when you do this or when you come back to shop, it is a rip off. It’s a savings to use on purchases, let them be able to use it when they want and it should be in your system for when they are ready to use it not when you want them to. Your new staffs need orientation. I requested for help today and I was redirected to be helped by someone else who never walked up to me to help but decided to flash a smile as I was walking out of your store. Wazobia, we know you to be the best, please stay and be the best. Don’t reduce your worth!!!",0.9814,"['pricing', 'staff_service']",google
5.0,"This store has definitely grown over the last 2 years with very well mannered and helpful staff. Now you can get almost anything Africans in particular , Nigerian groceries and well organized.",0.8399,"['staff_service', 'cleanliness', 'authenticity']",google
5.0,"Prince is so nice, very good customer service & great food 😋",0.9037,"['food_quality', 'staff_service']",google
5.0,Professional team. Great prices.,0.6249,['pricing'],google
1.0,"I spent $109.29 today 01/10/25 on Uber Eats with Wazobia I ordered 2 Ogbono Soups, 1 Egusi Soup and 1 Efo Riro when I received my order only one of my Ogbono Soups was in the bag which is very bad for all of the money I spent now I have to wait for Uber Eats to refund my money if the place was out of Ogbono Soup they should have reached out instead of taking my money and not giving me all of my food !!!!!",-0.7648,"['food_quality', 'wait_time']",google
5.0,Excellent traditional food. Good service and a clean environment!,0.8622,"['food_quality', 'staff_service', 'cleanliness']",google
1.0,"If I could give zero stars I would! ALL of my food is cold; and the fact that I paid EXTRA for Turkey and Goat because I didn’t want pork or tripe, I’m soooo mad! I had to pay a la cart because the “assorted meat “ had a bunch of stuff I didn’t want and they gave me 2 and 1/2 pieces of meat… and STILL gave me the vegetable soup with the meat I didn’t want is blowing my mind!!! Then as you can see by the little canister I placed for context, that chicken with, instead of turkey!! I also requested fried rice! So disappointed!! Do better!",-0.6903,['food_quality'],google
5.0,Wazobia market never disappoints.,0.2924,[],google
5.0,Receipt 1001-426890 Cashier Stella very kind and professional 5 star for her customer service,0.5709,['staff_service'],google
5.0,Really good and tasty meals. Variety of meals to choose from. Toilet is clean enough and staff are level headed,0.7089,"['food_quality', 'staff_service', 'cleanliness', 'authenticity', 'stock_availability']",google
4.0,Best Africa store of them all,0.6369,[],google
4.0,Best Africa store of them all,0.6369,[],google
5.0,"The first time I ever had Wazobia, I wasn’t sure what to expect. I place an order for a large pan of jollof rice. I want to say first the large pan of jollof rice was filled up to the top they did not skimp on the amount of rice they provided which I felt was worth the amount they charged. I also asked for minimal oil & very spicy as it was for my staff potluck and I want to say that they got it down to a pack. When serving it in the bottom of the pan was little to no oil. Thank you Wazobia & the customer service was very good!",0.6432,"['pricing', 'staff_service', 'portion_size']",google
5.0,They got everything,0.0,[],google
5.0,Ella was exceptional,0.0,[],google
5.0,"It was a wonderful service from one of the staff called Ella, i will definitely return back",0.7506,['staff_service'],google
5.0,Updating my review. I wnjoy coming here because of the customer service. But the meat area employees are so rude! Twice now I've been disrespected by them as if I'm bothering them and asked them to come in on their day off.,-0.9324,['staff_service'],google
5.0,Stella and Ella are great asset to the organization. I appreciate them for wonderful services given me today. Thank you,0.9382,['staff_service'],google
5.0,"This place is a hidden gem that I almost don’t want to share with you guys to keep it to myself. This is my 2nd time and the food is fresh and delicious day or night. Portions are plenty and Stella and Ella are very helpful and knowledgeable ladies. I will back again, maybe tomorrow.",0.8838,"['food_quality', 'staff_service', 'portion_size']",google
5.0,"Nice food, good staffs.",0.6908,"['food_quality', 'staff_service']",google
1.0,"Careless customers service in the kitchen. Once you visit the kitchen you will never come back with your purchases complete. Reason, they do not pack everything you purchased for you. The young man Oki is careless and has an attitude.",-0.6124,['staff_service'],google
5.0,"The food located at Wazobia is amazing, and the experience is something you could easily get accustomed to. There are three factors I will rate the Westheimer location on, 1) Cleanliness, 2) Taste/Quality, and 3) Atmosphere. *out of ten. 1) Cleanliness - The area is clean, though sometimes there are water spills or flies buzzing around. Overall, they are subsequently clean, so for me they get a 4/10. 2) Taste/Quality - People! I am warning you! If you are on a diet, stay ten feet away from here! Their food is so good, you go chop until your belle burst. Overall, 9.5/10. 3) Atmosphere - Hey, party people! This place is so fun! New people can be met, and new knowledge can be gained! The staff always put on their brightest smile, and if you need someone to talk, they are here for you! Wazobia's crowd engagement is next level, especially with their Family Funfest and others. Overall, 10/10. At the end of the day, Wazobia is an amazing expedition in our lives to be reckoned with! Wazobia Market's (Westheimer) final score will be 23.5/10. They are so good, they broke the scale. Kudos to you, Wazobia!😊",0.9932,"['food_quality', 'staff_service', 'cleanliness', 'wait_time']",google
5.0,Love it ❣️,0.8555,[],google
1.0,Completely as disrespectful as expected. I have been exposed to worse but upon entering black man I want to pray for more care by our people. I keep giving black culture a chance but it seems to only want my money over my business.Just grow like the rest of the United States.,0.9635,[],google
4.0,Found all African food produce,0.0,"['food_quality', 'authenticity']",google
5.0,Top customer service at all point.,0.2023,['staff_service'],google
5.0,Un lugar demasiado increíble para ser verdad. La cultura africana está bien representada en esta tienda. Muy buena calidad de los productos y el servicio es de máxima excelencia. Recomiendo este lugar sin dudas y volvería aquí sin dudarlo,-0.802,['authenticity'],google
3.0,Market Place with lots of good options.,0.4404,[],google
2.0,The service is super slow no motivation at all,0.4337,"['staff_service', 'wait_time']",google
5.0,"Clean, neat with goods aesthetically stocked & prices visible. Staff are friendly, helpful & professional.",0.8934,"['pricing', 'staff_service', 'cleanliness', 'stock_availability']",google
5.0,Ms Yolanda was phenomenal and very courteous. Just made my evening. She deserves a raise and her attitude was outstanding!,0.8353,[],google
5.0,"Wazobia, bringing your taste buds home.",0.0,['food_quality'],google
5.0,"Some items are priced to high, but the food tastes good",0.5927,"['pricing', 'food_quality']",google
5.0,Good customer service and fresher packaged food,0.4404,"['food_quality', 'staff_service']",google
1.0,"I am highly disappointed with this store, I bought Nestle baby Cerelac and I decided to return it the next day because I bought the wrong one but the store decided not to accept my return. I wanted to switch or get another cerelac , they didn’t accept. I will move to another store that honors exchange and customer’s satisfaction. I am disappointed .",0.3669,[],google
5.0,Good Africa markets,0.4404,[],google
5.0,Always love coming here. Good variety of items in the store and plenty of food options in the restaurant. They have many staff members and their customer service is top notch.,0.836,"['food_quality', 'staff_service', 'stock_availability']",google
5.0,"I attended the family fun fare 2024. It was great!! Kudos to the host, Mr. Henry Iwu & Ms. Nishola . They did a FANTASTIC job!! 👏🏾👏🏾🤗🌹🌹",0.9638,[],google
5.0,"I just saw that they have palm fruit oil with pulp , so happy!!!",0.7662,[],google
1.0,"I was at the Westheimer branch the other day, they were pushing who to attend to me to each other at the meat section, after wasting my time, one of them grudgingly accepted to sell to me, kept on speaking in Spanish, after all that the cashier was soooo slow and it was just one person attending to customers. They need to do better with the services, I’m not impressed.",-0.0654,"['staff_service', 'wait_time']",google
1.0,"Didn't really have stuff I was looking for, that comes from Ghana, or Nigeria, it seemed like it is a Mexican store.",0.3612,['authenticity'],google
5.0,The food was delicious!!!!,0.7067,['food_quality'],google
5.0,"This store is excellent in its operation and organization. There is hardly anything you need you wouldn't find here. The associates are warm, friendly, and respectful, and the prices are reasonable too.",0.8957,"['pricing', 'staff_service']",google
5.0,Very good customer service,0.4927,['staff_service'],google
5.0,The most memorable was the friendliness of the cashier at the till. The assortment of proteins available on display and for sale was good. The store was generally clean and well portioned.,0.8658,"['staff_service', 'cleanliness', 'stock_availability', 'wait_time', 'portion_size']",google
5.0,Good place to shop. Got so many options,0.4404,[],google
5.0,Love love Wazobia! Amazing business. I patronize them for catering and grocery. Keep up the good work!,0.9492,[],google
1.0,"I would have given them 0 if possible, I went there to get goat meat and on getting back home, I saw that I was given a ridiculous quantity of meat for $35.00. I called and was told to bring it back to the store before anything can be done about it. This is not how things are done and I’m highly disappointed.",-0.7089,[],google
4.0,Great as far as authentic Nigerian food items. My only con is not sure of the type of oil used for fried foods. They are delicious,0.7807,"['food_quality', 'authenticity']",google
1.0,"Bought banana leaves Goya, got home and open the bag surprised saw mold all over the leaves!",0.2942,[],google
5.0,Home away from home. Meet all African needs . Store above and beyond more than 20 stars,0.0,['authenticity'],google
2.0,"I like Wazobia and it’s workers usually but this last visit was unpleasant. I was not going to leave any reviews at all but “Prince” said that if I wanted to “entertain” him I should leave one, so here it is. I’m not sure if Prince was in a bad mood that day but he foolishly assumed that I was flirty with him because I asked him how his day was with a smile after he prepared and bagged my larger than usual order. Prince was not even cute or clean looking to assume my kindness was flirtation 🤢 Prince please humble yourself, I would not be interested in a Wazobia cashier let alone one with a shitty attitude.",-0.8089,"['staff_service', 'cleanliness']",google
4.0,Nice place,0.4215,[],google
1.0,"The catering services very terrible, you have appointment for a purpose but when picking up you have to wait more than an hour to get your orders as if they just went to the market to get the ingredients. It is frustrating",-0.7224,"['staff_service', 'wait_time']",google
5.0,Ada was very friendly and professional . She made the purchase pleasant and has knowledge of her work . A very good person,0.8746,['staff_service'],google
5.0,Great experience,0.6249,[],google
5.0,"It started with an online order. I placed the order, and since all the dates for a pick up were 2 weeks away, I left a little note on the feedback box indicating a need to pick up the order the following day by 5:30pm. About an hour later, I got a call from one of their associates confirming the pick-up date and time I chose and, most importantly, asking for my preference regarding what and how I want in the food.",0.4391,"['food_quality', 'wait_time']",google
5.0,Love wazobia,0.6369,[],google
5.0,Always clean wait in line is always no more than 2 to 5 minutes.,0.128,"['cleanliness', 'wait_time']",google
5.0,Went there with my husband… I had the okra soup 10/10 and he had the jollof rice with fish 10/10… We shared the Egusi soup and decided we will be back again… The okra soup was my absolute favorite… The staff also answered all of my husbands questions and trust me he had a lot of questions… Very patient staff…,0.6908,['staff_service'],google
5.0,"Had an awesome experience… Mr Prince served me. I’m vegetarian, so he was very kind and respectful of my dietary needs. The food by the way, is addictively amazing! 😋 Do check this place out! Don’t just pass by… seriously stop in for awesome African cuisine, and friendly service!",0.9688,"['food_quality', 'staff_service', 'authenticity']",google
5.0,Good customer service and strictly no tips,0.1779,['staff_service'],google
1.0,"Wasn’t expect the place to be run my Mexicans! I would have preferred more Nigerians or Africans that actually need jobs! Edit: adding to this because of his reply. Go to Asian store all Asians, go to Mexican all Mexicans. It will be a a disservice to buy from where wants to give money to non Nigerians. And tbh the service was bad cos they don’t speak English. Asked one for help he could barely answer. Told one to cut goat meat without bone all the meat had bones. Shame! You need Nigerians that understand Nigerians to work there ! Won’t be back bye !",-0.8002,"['staff_service', 'authenticity']",google
5.0,Great fast service. Friendly and comfy vibe. Thanks to Ada. She made sure the services met my expectations,0.91,"['staff_service', 'wait_time']",google
5.0,Very friendly and helpful staff and the store is clean.,0.8503,"['staff_service', 'cleanliness']",google
5.0,Best African grocery store in the State,0.6369,['authenticity'],google
5.0,Very thing was very good,0.4927,[],google
5.0,"I traveled to Katy Houston, and shopped at Wazobia. I got Nigeria food stuff. I was glad I did, especially for the pap (ogi) I bought and Ijebu garri. Attebdants were very courteous and helpful. One man quickly spoke Yoruba to me, I guessed he figured out I was a Yoruba man, and that felt good. Nice place.",0.9366,"['food_quality', 'staff_service', 'wait_time']",google
3.0,Wazobia Kitchen! The wait for food is artificial. You have an army of ladies who mope at customers. Very slow and lackadaisical. Also just stick to the Hispanics. Those Local hens aren’t happy.,-0.3304,"['food_quality', 'wait_time']",google
5.0,Love this place. Always have products that i can't find anywhere else plus the pricing is very reasonable.,0.6369,[],google
1.0,"I was attended to by a cashier, HADIJA. Firstly, she attended to a staff who was behind me. When I asked why she did that, rather than apologize, she said the staff had to go on his break. How is that my headache!? Secondly, when I asked for points for my transaction, she said it was too late that it was my responsibility to tell her before printing my receipt. She is a little crude, rude & impolite. She needs to be retrained. There is one young Hispanic guy who will tell you of all promotions running and even suggest you join the loyalty promo. This is my 8th year of shopping with you and never had this kind of experience in any of your stores.",-0.4443,['staff_service'],google
1.0,"This place is THE WORST with being on time. You will place an order in advance and still go there and wait another 2 hours. Terrible! No food is worth this wait. Get your processes and structure in place. It’s not worth it at all and I don’t want to hear oh l, it’s Naija business, blah blah. You are running a business and you need to be respectful of people’s time. Continue like this and you’ll have no more customers because ppl will reach their breaking point.",-0.8069,"['pricing', 'food_quality', 'wait_time']",google
5.0,I never do reviews BUT I hope this one helps! I ABSOLUTELY LOVE egusi and okra soup! I ordered both on Monday and it was AMAZING! I ordered again tonight and they were out of okra soup😩 Needless to say the egusi still slapped! I’m SOLD!,0.9764,[],google
5.0,Fresh and Nigerian food on point,0.3182,['food_quality'],google
5.0,Love it here. My family drives over 30 minutes to come here for fresh foods.,0.7579,['food_quality'],google
5.0,Very good customer service.,0.4927,['staff_service'],google
5.0,I love their fish pie.... it's very organized and clean. The staff are pleasantly sweet and friendly. The butcher's are great. I love the store!!!!!!,0.9797,"['staff_service', 'cleanliness']",google
5.0,"It’s been a wonderful experience for me at this location. The staff are nice are courteous. I always seem to find whatever I need and when I don’t see them like today, mmesomachi gladly helped out.",0.9287,['staff_service'],google
1.0,Food poisoning I found bugs in my food several times. And got sick 🤢,-0.7964,['food_quality'],google
5.0,Best African store in houston,0.6369,['authenticity'],google
2.0,Jollof rice at the Beechnut location is far better than this one.,0.4404,[],google
5.0,I was served at the checkout point today 04/04/24 by Samuel and I was highly impressed. Been shopping with Wazobia for over 7 years and this is one of my best times / experience here. He was so polite and at the same time professional. Reminded me of the loyalty program which I had forgotten I registered for. Samuel you are the best.,0.9371,[],google
3.0,"Please make the new waakye dish single grain. This is a dish i grew up with, so i know what it looks and tastes like. It is actually rice and beans cooked with sorghum leaves. It isn’t meant to be so soggy. I was at the restaurant yesterday and I could hear people asking what food is that because it was so mushy. I still went ahead to satisfy my cravings. My hard earned $17 gone🤦‍♀️",0.7506,['food_quality'],google
5.0,Very great selection of African groceries. They have a raw meat market too,0.659,"['authenticity', 'stock_availability']",google
5.0,"This Africa market makes me to feel as if I’m home is a privilege for us in Houston to have it,I got almost all what I like from the store,is amazing 👌🫶",0.8941,[],google
5.0,"Nice services, Chibuike was really welcoming😎😎😎😎",0.9536,"['staff_service', 'authenticity']",google
5.0,Amazing food,0.5859,['food_quality'],google
5.0,"Thank you Wazobia Market!!! 💖 My birthday feast, delivered promptly, was an absolute delight. Each dish was a masterpiece, bursting with flavor and expertly prepared. From start to finish, it was a celebration of culinary excellence. Highly recommended!",0.978,['food_quality'],google
3.0,They need to improve on the moinmoin. The fish and chicken are not well seasoned for me. Love the fried beef and akara.,0.742,[],google
5.0,Nice and quick service with a wide selection of African foods.,0.4215,"['food_quality', 'staff_service', 'authenticity', 'stock_availability', 'wait_time']",google
5.0,"Nice place, have everything you need as an African",0.4215,['authenticity'],google
5.0,Great,0.6249,[],google
5.0,"Exceptional service from beginning to the end! My Darling MIL had a taste for meat pie and wanted to get some for the travel back home and when we walked in we were greeted with smiling faces and generosity. The meat pie took a while but the employees wanted for us to be satisfied, which to me was pretty damn awesome in my book... The fish roll, Fish pie, and meat pie were all on point and hot right out the oven YESSSS! Felt like a winner! If you are ever in the area and have a taste for Nigerian snacks try this spot! I don't mind traveling from the north side for their food!",0.9814,"['food_quality', 'staff_service']",yelp
4.0,"This review is more for Wazobia Kitchen that is next door. The market itself is fine, well stocked and clean. Wanted some food and thought let me try the kitchen. It's a cafeteria style set up. I had jollof rice with tripe. The young man helping me, goodness I wish I remembered his name was very courteous and patient. He answered all the questions I had. Made suggestions etc...the staff welcoming and kind was adequately staffed to help everyone, no long lines. My food was great and I am ABSOLUTELY going back and have controlled myself not to go back this week. Another point I want to make is the cleanliness of the place. Good job. Do I recommended it? YES!",0.9879,"['food_quality', 'staff_service', 'cleanliness', 'stock_availability', 'wait_time']",yelp
5.0,"I cannot say enough good things about the food at Wazobia Kitchen. The flavors are consistently awesome and truly capture that authentic taste I'm always looking for. Every dish is prepared with such care, and you can really tell the difference in the quality. I have already started telling everyone about this place! I will definitely continue to recommend Wazobia to all my friends and colleagues looking for a great meal. If you haven't tried them yet, you are missing out!",0.966,"['food_quality', 'authenticity']",yelp
5.0,"Wazobia is a consistent African kitchen I enjoy going to. I have never had anything I dislike from here. The coconut rice is probably my favorite but if you cannot tolerate spice please be careful their jollof rice, meat pie, puff puff and designer stew are also staples of mine. Very clean and fast service. I will always come here",0.6953,"['staff_service', 'cleanliness', 'authenticity', 'wait_time']",yelp
1.0,"Your employees WILL be the reason why there will be a lawsuit against this store. Where in the store does it states pregnant women or with children will be attended to first regardless of the pick a number procedure in the meat department? So I was already waiting 9 plus minutes, so because this woman is pregnant the rules and policy for requesting for meat/poultry is voided out. That's discrimination. The sad case is they catered to the alleged pregnant woman when there should have been structure and procedure in a multi business establishment. If you're not able to do that at Walmart, HEB, or other shopping stores why would it be done at this store?",-0.6199,"['staff_service', 'wait_time']",yelp
5.0,"This place was the most sweetest restaurant I have ever came across!! Me and my bf were about to leave, but the sweetest lady told us to come, despite us coming 10 minutes before they closed. The employees were all welcoming and the sweetest lady was also very helpful given that it was our first time there. Idk what's up with these bad reviews but I had a great experience!!! But the only thing that disappointed me was that there was no tip button :( Will definitely be carrying cash the next time I go there!!",0.478,['staff_service'],yelp
1.0,Customer service was bad and was so rude and she threw the food at me and the ambiance was so bad,-0.9162,"['food_quality', 'staff_service']",yelp
1.0,They are terrible in Customer Service. The ladies that work there do not greet or welcome you. They are not friendly at all. The food needs improvement too. The jollof rice is too bland and not tasty.,-0.7327,"['food_quality', 'staff_service']",yelp
2.0,i bought some smoked turkey from Wazobia market last week prior to stormy weather only for it to mess up my soup and stew. I discovered turkey was messed up. pls observe your meat and produce to make safe prior to service. I've been a customer for many years but this is not acceptable.,-0.4201,['staff_service'],yelp
1.0,"When did Wazobia start cheating its customers? Their entrees now come with just one piece of meat, and if you're unlucky, that piece of meat is either half bone or half skin and fat. The portion sizes are not worth the price ($22 for jollof rice and one ridiculous piece of meat). Too bad that they've decided to take this approach. I will be ordering from their competitor next time. Their competitor provides a side of veggies and plantains.",-0.8825,"['pricing', 'portion_size']",yelp
4.0,"This store has unique offerings. Hard to fine spices and herbs, such as kola nuts can be found at this store.",-0.2263,[],yelp
3.0,"My family came here and all ordered different food so we could taste as much as possible. Together we ordered fried rice with goat meat, jollof rice with goat meat, beans with goat meat, and pounded yam and egusi soup. We also wanted moi moi but they were out. The fried rice was a 10, very flavorful and the goat meat was good too. Everything else could've used more salt. I had to wait about 20 mins for the pounded yam but it came out fresh and hot. The egusi soup could've had less oil though. In terms of the ambience, they had plenty of seating and it was a clean space. My only complaint regarding dining in was the noise level. The workers don't seem to have inside voices when they're having their side discussions. Very loud talking and laughing most of the time that we were sitting down, which made it difficult for us to even hear ourselves. Overall, I wouldn't return because the food to me wasn't anything special.",0.7726,"['food_quality', 'cleanliness', 'wait_time']",yelp
5.0,"They cook with love at this place. The food is tasty and filling, and makes you feel at home. The service is super fast and Stella and Ella will provide any recommendation you need. I'm a repeat customer and you should be too!",0.8553,"['food_quality', 'staff_service', 'wait_time']",yelp
5.0,"Before I begin I would like to say that this review is based solely upon my personal experiences and my personal experiences alone, so with that being said let's go!!... My brother in law ordered a few items from the kitchen side of this business for thanksgiving. We went to pick it up on the day of. There was a tent outside in the parking lot so you didn't have to wait in the cold on this particular day because it was quite breezy and chilly. But it was in the 80's the day prior to that! Weather can be unpredictable anywhere!. There were people coming pulling up nonstop picking up food orders while we waited. When we got there my brother in law gave his name and after a while they brought his order out. We went inside briefly to see what they had already cooked for purchase to grab something to eat while we waited. This was the first time I had African food so he wanted me to try out something. They did not have the item he wanted me to try. But when we got back and ate the two dishes I tried was tasty. I believe it was beef kabobs on skewers and Joliff rice that was smoked and it was delicious! I would definitely return to try other dishes on my next visit.",0.9005,"['food_quality', 'authenticity', 'wait_time']",yelp
5.0,very good food. I haven't had a bad experience so far. I normally come here do grab some Nigerian food when I'm in the area.,0.7221,['food_quality'],yelp
1.0,The service is terrible and you will wait and wait and WAIT AND WAIT AND WAIT EH! The food is good but not worth the demeanor and behavior of the staff. The lack proper structure and process to manage the customers,-0.6532,"['pricing', 'food_quality', 'staff_service', 'wait_time']",yelp
1.0,"Wazobia, you guys are a joke. You have the audacity to charge $23.79 for a plate of rice only to get protein that's fit for a bird! The greed is unreal. The only good thing is that you guys open on Mondays.",0.636,"['authenticity', 'portion_size']",yelp
5.0,The food is good . The public relationship of the restaurant staff is excellent. Deliverance is on time too.,0.765,"['food_quality', 'staff_service']",yelp
1.0,Thieves! Thieves! Thieves! They weighed my meat in the box and tried to charge me for the weight of the box and plastic that the meat comes in. They minced my oxtail and refused to replace it. HENRY is a crooked and is not customer service oriented. DO NOT SHOP HERE!,-0.9227,['staff_service'],yelp
3.0,"The supermarket was well kept, clean and organized unlike many African markets in the East Coast. There was a ""hot food"" section which allows customers to pick food themselves which may be a food safety concern because some food cases were left open and some items looks picked through. I was going to try the scotch egg and realized that the case that it was in was pretty cold. I went next door to the restaurant portion and they had hot scotch eggs but it had no flavor. I would only visit the market for the plentiful grocery options but not the hot food.",0.3818,"['food_quality', 'cleanliness', 'authenticity', 'portion_size']",yelp
3.0,I love eating Nigerian food. The Jollof Rice is by far the best rice I've ever tasted. The rice is full of flavor with just the rice spice. The Red Stew is so good and definitely a favorite of mines. The restaurant is very small but cute. They have a small sit down area as well. The customer service is good as well.,0.9723,"['food_quality', 'staff_service', 'portion_size']",yelp
1.0,"I live near this location and have visited multiple times. I gave them numerous chances they are just too inconsistent. I watched the server intentionally select the pictured beef meat. There was no meat on the steamtable and she went to get more and returned with this burnt mess! Sometimes the food is overcooked, burnt and sometimes it's good and fresh. They are too inconsistent for me!",0.4374,['food_quality'],yelp
3.0,The kitchen staff need to manage their time well. They need to make sure that they meet up with the pick up time. I almost rejected the food I ordered due to poor time managemen.,-0.4033,"['food_quality', 'staff_service']",yelp
5.0,Best place to get a essence of Africa! And the food is good in fact I'm going now. It's also a market so u can buy your African groceries here like red palm oil and digestive biscuits hahaha,0.9259,"['food_quality', 'authenticity']",yelp
5.0,"SO! my 5 stars is for the store, customer service is AMAZING, they are so sweet and make you want to go back (very polite). Food is on point, wish every Nigerian establishment would have people as polite as these guys. HOWEVER!!! The Kitchen OMG ppl are not cheerful, it's like they don't want to be there; the difference is so clear (but the food is great!). Cos I absolutely love the store they get 5 stars :)",0.9773,"['food_quality', 'staff_service']",yelp
5.0,i was their for a plate of jelof rice but ended up buying mor because of the pretty ass server and her calmness. she made my visitation good. i forgot her name but she is cool.,0.872,['portion_size'],yelp
2.0,"I pop into Wazobia for ready-to-eat food and snacks. Their jollof rice was incredible until today. I don't know what happened, but this is not the rice I can't wait to rush home and devour. For this jollof rice, I can wait for a tasty one.",0.0,"['food_quality', 'wait_time']",yelp
4.0,Love this market! I will always make a point to visit when I'm in town. Missing the fried rice already.,0.5093,[],yelp
1.0,"The absolute, hands-down, worst service ever!! My husband called in an order, having been on the phone for greater than 10 minutes, for me to get there for pickup and be told an order was never placed. I offered the young lady attending me to speak with him via phone and was met with an impatient attitude as if she were not being paid to be there. What I find simply amazing is the fact that if a white patron came in they would likely roll out the red carpet, yet they treat their loyal customers like trash. Well, guess what, that one visit a year from a white patron cannot pay your bills! Never again will I patronize this business, as this is the second time I have been met with such disrespect, disorganization, and rudeness!! By the way, I get home to find one of the plantains we ordered already had a bite in it, see picture below. Neither I, nor our daughter, opened any of the containers before getting home.",0.7625,['staff_service'],yelp
1.0,Well never order from Wazobia again they're not consistent fish is always cold and old and when you wait they pretend they're going cook fresh fish pull off and it's the same fish . Tried to complain to manger and the woman would not connect pretended to put me on hold and kept hanging up . My colleagues have experienced the same behavior so as a collective we've decided to take them out of our lunch pool and will no longer order personally. We see opting fir Naeto's and Michelle's ! Learn how to treat people with quality service and food because you've lost a big business with my colleagues and family !!!,-0.3544,"['food_quality', 'staff_service', 'wait_time', 'portion_size']",yelp
1.0,"Wazobia in its current iteration disappoints as with a host of other foreign businesses that doesn't incentivize customer loyalty after finding success. Most restaurants entertain reasonable customer requests or propose some kind of compromise inline with the ancient principle of customer satisfaction. As with most food items, customers might prefer unique variations and Wazobia at its inception took this into account, which probably formed the premise of the success they now enjoy. Now, their policy is - ""my way or the highway, if you don't want it, others will"" - an attitude that alienates even the most loyal of customers, especially Nigerian folks, who try to support community owned businesses. I will not return to Wazobia after 6 years of almost weekly patronage, and this pains me tremendously.",0.9224,"['food_quality', 'staff_service', 'wait_time']",yelp
1.0,"This food was so disgusting. The jollof rice tasted burnt and had no flavor and the oha soup was thick and bland there was only 1 piece of chicken, cow tongue, and tripe. I am a cook and know how to cook jollof rice and have been to Lagos so I know what it's supposed to taste like. When I asked for a refund they told me they don't allow refunds. By law they must have a sign that says NO REFUNDS but they didn't so I WILL NEVER come back here.",-0.5903,['food_quality'],yelp
5.0,"5/5. Drove 35 minutes for my craving for Egusi, and they did not fail me. Walked right in, and was greeted with a smile and a lovely aroma of delicious food. I ordered goat egusi, and got fufu (they also have amala, eba and other choices). I got my food to go, and was happy to find that when I got home from another 35 minute drive, and my egusi was still piping hot, and my fufu still steaming and fresh. Would 10/10 recommend this location if you're craving delicious Nigerian food.",0.978,['food_quality'],yelp
1.0,"Never order their Catered Fried Rice. I cater from them often for parties for parties and I've never had a compliant as I am a very easy customer to please. However, last week I ordered their friend rice for the first time, by the time I took it out of the refrigerator the next day to dish it, the rice was slippery (basically spoilt). I called the restaurant immediately, and after several attempt to tell me it was not their fault, they finally called me back 2 days later to offer me a 50% refund for food I was not able to use for the party. Needless to say I was very upset and disappointed. At the end of the day it is more about principle of the matter, than the money it self. What does it cost the restaurant to give a customer their refund for a product that was damaged, especially from a regular customer who's never had a compliant.",0.8399,"['pricing', 'food_quality']",yelp
2.0,"I have tried a lot of different things in the kitchen. Although I have only been to the one on beechnut. The one thing I love from them is the most disappointing thing, the catfish stew with just one fish for $11, the stew is good and tasty with awesome spicy kick . The egusi is ok but no one want muscle everytime come up with a better meat combination. The efo has no taste to me so is the meat pie, fish pie is good and the beef roll is also good, scotch egg is good, stew is good but their designer stew needs work. Why would anyone pay $14.99 for nkwobi in a small bowl when i can go down the street and get a bigger bowl for 10.99. Fried fish,turkey, chicken and grilled chicken are good but no seasoning. Pepper goatmeat is good but too many bones and not enough meat. Pepper meat is good. Tried the jollof rice and it was blend, goatmeat pepper is ok, catfish pepper has one fish.",0.9816,"['food_quality', 'portion_size']",yelp
4.0,"Better than expected. Had heard about this place from a coworker. I looked their website up and was surprised the kitchen offers online ordering. I placed my order and received an immediate text then a follow-up confirmation call. Very pleased at how tech savvy they are. Ease of ordering was great, customer service was good. SO on to the food.... When picking up an online order, GO TO THE KITCHEN NEXT DOOR, not the grocery market. Even though the grocery market has a snack bar area, that is not where you pick up your food. If I hadn't asked, I would have continued standing around for nothing but the market snack bar had: small jollof rice plates packaged in an aluminum container with plastic lid, scotch eggs, some meat pies and I think I remember seeing sausage rolls. All self serve. I picked up some scotch eggs which were good. I disliked the separation and thin coating of the sausage/breading because I could see the egg showing in certain places. But it still tasted good. The market is sparse like some other reviewers had mentioned. I only needed Maggi and the cashier was kind enough to literally RUN and grab it for me because I had asked where could I find it since I missed it when I perused through the shelves. That was so kind! I think they had a bakery to the right (wasn't paying attention) as soon as you walk in, about three aisles of grocery store items, a small fresh meat deli/butcher section. On to the food for real... I ordered a ton of food because I am impatient and my schedule doesn't allow me to drive to this location as often as I'd like. So I ordered the jollof rice plate with extra goat meat and shaki (the jollof rice plate is just the jollof so ""extra"" meat means adding to the rice not that they provide goat meat and shaki initially if that makes sense), meat pie (meat was too soft and the pie was too thick for my liking), chicken pie (chicken was spicy which was surprisingly good and shredded for some reason I thought it would be minced, but the chicken was dry, would have enjoyed this more if there was a dipping sauce or something), catfish pepper soup (FYI is available after 3PM), goat pepper soup and beef/sausage rolls. My favorite was the beef/sausage rolls! It is advertised on their website as a beef roll but it definitely tastes like sausage and in the description it said sausage. It is long, the crust is perfect, and I'm so glad i ordered a lot of these because I can freeze them and bring them out later. They packaged all my items WELL, nothing spilled over or made a mess when I got home and unpacked. Even with an online order, you still have to wait in line. The line can be long and if a customer is indecisive or has a big order, yep you still have to wait. I also didn't like how customers had already placed their order/been attended to but were milling about in front of the counter as if they were waiting to be served which made it confusing if they were in line or had already been serviced but waiting for their food. I'd support the restaurant/kitchen again.",0.9972,"['food_quality', 'staff_service', 'authenticity', 'stock_availability', 'wait_time', 'portion_size']",yelp
1.0,Very rude set of workers all over. The fact is even if you are getting the food for free no one deserves that type of treatment because you will still be annoyed. Very bad customer service and rude people. Just came after years and remembered why why I stopped coming.,-0.9097,"['food_quality', 'staff_service']",yelp
4.0,I prefer Southwest farmers market but this will do. They don't have as much options but again this will do,0.0,[],yelp
5.0,Well organized compared to some other Africa stores . Staffs are always willing and available to help . You always get to see someone around to ask for help .,0.7579,"['staff_service', 'cleanliness', 'stock_availability']",yelp
5.0,This was literally the BEST Afang soup and jolly rice that I have ever eaten from any African Restaurant.I ordered via Grubnub and the food was on time and warm.Keep up the god work.Dr Flo,0.8842,"['food_quality', 'authenticity']",yelp
5.0,"The best African Markets in Houston. Their food and service is consistent, the employees always greet with a smiling face. Kudos to the owner for raising the quality standard in the Diaspora food industry and really reaching out to the community. Get the food next door, it's all delicious and freshly made. I will keep coming back!",0.9577,"['food_quality', 'staff_service', 'authenticity']",yelp
5.0,"Love this place! You can get ginormous and yummy Puff Puff for $0.50, the meat pies are large and delicious--$1.50, and the amazing Jollof Rice meals come with your choice of fish or chicken all for $4.50! I'm so happy I found this place!",0.9585,['food_quality'],yelp
4.0,"This is an African food market that is adjourned to a restaurant selling food to dine in or take out. Most take out. I came here because a coworker was kind enough to share his plantain chips with me and I was instantly addicted! The taste is so much like delicious fried sweet plantain. He also told me they have good pepper soup which is so simple but my favorite Nigerian dish that I came across since I have so many Nigerian friends. The goat meat pepper soup is spicy and delicious. It's simple comfort food to me. I will be here often. Especially to get the soup through the colder months. The market part of the establishment sells dry goods, fresh produce that is a staple in Nigerian cuisine, frozen food stuffs, beverages, and calling cards. Pretty popular place. I like it!!!",0.9919,"['food_quality', 'staff_service', 'authenticity']",yelp
5.0,"Very neat and affordable market. Though it's really far from where I stay, it was worth the drive. The meals are fresh and very tasty.",0.7574,"['pricing', 'food_quality', 'cleanliness', 'authenticity']",yelp
5.0,"Love the catfish stew, it's spicy and delicious at the same time. My only problem is that you'll have to buy two plates of rice to accompany the stew but it's worth it.",0.6652,"['pricing', 'food_quality', 'portion_size']",yelp
5.0,"I don't leave reviews often but I want people to know how exceptional the service is at this store. Whenever I go to an African market the customer service is always terrible they make me feel as if I need them more than they need my service, but Wazobia is the exception! They have a great selection of grocery stuff and their restaurant is consistently good, keep it up Wazobia!",0.8155,"['staff_service', 'authenticity', 'stock_availability']",yelp
3.0,"Good customer service however, the prices are very high. Paid, $12.99 for smoked fish and found same amount of smoked fish at Fiesta for $5.00.",0.7184,"['pricing', 'staff_service', 'portion_size']",yelp
5.0,Excellent food and good groceries. Really good food!!!!! Shish Kebob out of this world. The best Chicken and meet pies. Really good meat rolls. Great Location.,0.9734,"['food_quality', 'authenticity']",yelp
1.0,"Please watch your receipt when you shop here, this folks are thief. They will put something on the shelf for lower price, but when they scan it, the price will be double and if you are not paying attention you will pay the double price. And be also aware that they charge tax on food items, Somebody will soon call the IRS on them",-0.4118,"['pricing', 'food_quality']",yelp
5.0,"This store has remained my fav for going on 2 years now. Every time my guest from out of state comes I order from the restaurant, the food delivery girl always prompt with her services. I like this place and I didn't hesitate to give it 5",0.7441,"['food_quality', 'staff_service']",yelp
2.0,"Really glad I tried it out, unfortunately my taste buds did not agree with the savor. A delicacy for African tribes is a fish which they add to many of their dishes. Dishes that I tried tasted like old fish residue (which is how they love it) but again not for me. The waitress was really nice, however, after so many questions we had she got annoyed or bothered. She did tried to cover it up and I guess it didn't kill me seeing her expression. Will not be back.",0.7985,"['food_quality', 'authenticity', 'wait_time']",yelp
4.0,"Really decent food and service. Clean location, will return for sure",0.6124,"['food_quality', 'staff_service', 'cleanliness', 'authenticity']",yelp
5.0,My boyfriend brought me some jollof rice from here and it was soooooo freaking delicious I will be back!,0.2942,['food_quality'],yelp
4.0,"Goat meat Pepper soup was absolutely delicioussss. Egusi was just ok it wasn't bad but it definitely wasn't too good and the meat was seriously lacking I asked for assorted meat and got one piece of stockfish, 1 piece of beef and a tiny piece of tendon. It was just ok but the lack of meat made me almost feel cheated , I'll go back for the goat meat pepper soup bcz it was so so so good! Never even knew such a place existed in fort bend.",0.6314,"['food_quality', 'stock_availability']",yelp
4.0,"As many West African and Caribbean groceries as you can imagine as well as movies, skin creams, and hot prepared Nigerian food are available here. The hot food is DELICIOUS!!! One of my favorite snacks here is the Coconut Chips - once you take the first bite, you will not want to share it. One unique fufu they carry here is amazing: OatWheat. The staff is easy to talk to if you cannot find something you are looking for.",0.9509,"['food_quality', 'staff_service', 'authenticity', 'stock_availability']",yelp
